{"cameraMode":{"drawMode":0,"name":"Shaded","section":"Shading Mode"},"sceneLighting":false,"audioPlay":false,"sceneViewState":{"m_AlwaysRefresh":false,"showFog":true,"showSkybox":false,"showFlares":true,"showImageEffects":true,"showParticleSystems":true,"showVisualEffectGraphs":true,"m_FxEnabled":true},"in2DMode":false,"pivot":{"x":0.4180000126361847,"y":2.440999984741211,"z":1.4620000123977662},"rotation":{"x":-0.07868126034736633,"y":0.2962188422679901,"z":-0.02448575757443905,"w":-0.951531171798706},"size":0.04330131411552429,"orthographic":true}