{"cameraMode":{"drawMode":0,"name":"Shaded","section":"Shading Mode"},"sceneLighting":false,"audioPlay":false,"sceneViewState":{"showFog":true,"showMaterialUpdate":false,"showSkybox":false,"showFlares":true,"showImageEffects":true,"showParticleSystems":true},"in2DMode":false,"pivot":{"x":7.281006336212158,"y":1.0416585206985474,"z":-2.0682766437530519},"rotation":{"x":0.03427587449550629,"y":0.5318607687950134,"z":0.021553505212068559,"w":-0.8458755016326904},"size":-1.952089548110962,"orthographic":false}